<databases>
    <database>
        <general_information>
            <name_database>VideocentroDB</name_database>
        </general_information>

        <tables>
            <table>
                <!-- TABLA TVIDEOS -->
                <general_information>
                    <name_table>tVideos</name_table>
                    <amount_field>6</amount_field>
                    <columns>
                        <column>
                            <column_name>Idvideo</column_name>
                            <data_type>int</data_type>
                            <contraints>
                                <constraint>
                                    <NN/>
                                    <PK>1</PK>
                                    <UQ/>
                                    <FK/>
                                </constraint>
                            </contraints>
                        </column>
                        
                        <column>
                            <column_name>Titulo</column_name>
                            <data_type size="50">varchar</data_type>
                             <contraints>
                                <constraint>
                                    <NN>1</NN>
                                    <PK/>
                                    <UQ/>
                                    <FK/>
                                </constraint>
                            </contraints>
                        </column>
                        
                        <column>
                            <column_name>Codgenero</column_name>
                            <data_type>int</data_type>
                            <constraints>
                                <constraint>
                                    <NN/>
                                    <PK/>
                                    <UQ/>
                                    <FK>
                                        <table_name>tgeneros</table_name>
                                        <column_name>Idgenero</column_name>
                                    <FK/>
                                </constraint>    
                            </constraints>
                        </column>
                        
                        <column>
                            <column_name>Codtipo</column_name>
                            <data_type>int</data_type>
                            <contraints>
                                <constraint>
                                    <NN/>
                                    <PK/>
                                    <UQ/>
                                    <FK>
                                        <table_name>tTipos</table_name>
                                        <column_name>Idtipo</column_name>
                                    <FK/>
                                </constraint>
                            </contraints>
                        </column>
                        
                        <column>
                            <column_name>Codclasif</column_name>
                            <data_type>int</data_type>
                             <contraints>
                                <constraint>
                                    <NN/>
                                    <PK/>
                                    <UQ/>
                                    <FK>
                                        <table_name>tClasificacion</table_name>
                                        <column_name>Idclasif</column_name>
                                    <FK/>
                                </constraint>
                            </contraints>
                        </column>
                        
                        <column>
                            <column_name>Vistas</column_name>
                            <data_type>int</data_type>
                             <contraints>
                                <constraint>
                                    <NN>1</NN>
                                    <PK/>
                                    <UQ/>
                                    <FK/>
                                </constraint>
                            </contraints>
                        </column>
                        
                    </columns>
                    
                    <constraints>
                    </constraints>
                </general_information>
                <!--- DATOS TABLA -->
                <amount_row></amount_row>
                <rows>
                    <row>
                      <field>M001</field><!-- Idvideo / PK -->
                      <field>LA MOMIA</field><!-- Titulo / NN-->
                      <field>G001</field><!-- Codgenero / FK-->
                      <field>T001</field><!-- Codtipo / FK-->
                      <field>C001</field><!-- Codclasif / FK-->
                      <field>1234</field><!-- Vistas / NN-->
                    </row>
                </rows>
                <!-- FIN TVIDEOS -->
            </table>
            <!-- TABLA TGENEROS -->
<databases>
    <database>
        <general_information>
            <name_database>VideocentroDB</name_database>
        </general_information>

        <tables>
            <table>
                <!-- TABLA TVIDEOS -->
                <general_information>
                    <name_table>tVideos</name_table>
                    <amount_field>6</amount_field>
                    <columns>
                        <column>
                            <column_name>Idvideo</column_name>
                            <data_type>int</data_type>
                            <contraints>
                                <constraint>
                                    <NN/>
                                    <PK>1</PK>
                                    <UQ/>
                                    <FK/>
                                </constraint>
                            </contraints>
                        </column>
                        
                        <column>
                            <column_name>Titulo</column_name>
                            <data_type size="50">varchar</data_type>
                             <contraints>
                                <constraint>
                                    <NN>1</NN>
                                    <PK/>
                                    <UQ/>
                                    <FK/>
                                </constraint>
                            </contraints>
                        </column>
                        
                        <column>
                            <column_name>Codgenero</column_name>
                            <data_type>int</data_type>
                            <constraints>
                                <constraint>
                                    <NN/>
                                    <PK/>
                                    <UQ/>
                                    <FK>
                                        <table_name>tgeneros</table_name>
                                        <column_name>Idgenero</column_name>
                                    <FK/>
                                </constraint>    
                            </constraints>
                        </column>
                        
                        <column>
                            <column_name>Codtipo</column_name>
                            <data_type>int</data_type>
                            <contraints>
                                <constraint>
                                    <NN/>
                                    <PK/>
                                    <UQ/>
                                    <FK>
                                        <table_name>tTipos</table_name>
                                        <column_name>Idtipo</column_name>
                                    <FK/>
                                </constraint>
                            </contraints>
                        </column>
                        
                        <column>
                            <column_name>Codclasif</column_name>
                            <data_type>int</data_type>
                             <contraints>
                                <constraint>
                                    <NN/>
                                    <PK/>
                                    <UQ/>
                                    <FK>
                                        <table_name>tClasificacion</table_name>
                                        <column_name>Idclasif</column_name>
                                    <FK/>
                                </constraint>
                            </contraints>
                        </column>
                        
                        <column>
                            <column_name>Vistas</column_name>
                            <data_type>int</data_type>
                             <contraints>
                                <constraint>
                                    <NN>1</NN>
                                    <PK/>
                                    <UQ/>
                                    <FK/>
                                </constraint>
                            </contraints>
                        </column>
                        
                    </columns>
                    
                    <constraints>
                    </constraints>
                </general_information>
                <!--- DATOS TABLA -->
                <amount_row></amount_row>
                <rows>
                    <row>
                      <field1>M001</field1><!-- Idvideo / PK -->
                      <field2>LA MOMIA</field1><!-- Titulo / NN-->
                      <field3>G001</field1><!-- Codgenero / FK-->
                      <field4>T001</field1><!-- Codtipo / FK-->
                      <field5>C001</field1><!-- Codclasif / FK-->
                      <field6>1234</field1><!-- Vistas / NN-->
                    <row>
                </rows>
                <!-- FIN TVIDEOS -->
            </table>
            <!-- TABLA TGENEROS -->
            <table>
                <general_information>
                    <name_table>tgeneros</name_table>
                    <amount_field>6</amount_field>
                    <columns>
                        
                        <column>
                            <column_name>Idgenero</column_name>
                            <data_type>int</data_type>
                            <contraints>
                                <constraint>
                                    <NN/>
                                    <PK>1</PK>
                                    <UQ/>
                                    <FK/>
                                </constraint>
                            </contraints>
                        </column>
                        
                        <column>
                            <column_name>NomGenero</column_name>
                            <data_type size="30">varchar</data_type>
                            <contraints>
                                <constraint>
                                    <NN>1</NN>
                                    <PK>0</PK>
                                    <UQ>1</UQ>
                                    <FK/>
                                </constraint>
                            </contraints>
                        </column>
                        
                        <column>
                            <column_name>Status</column_name>
                            <data_type>bit</data_type>
                            <contraints>
                                <constraint>
                                    <NN>1</NN>
                                    <PK>0</PK>
                                    <UQ>0</UQ>
                                    <FK/>
                                </constraint>
                            </contraints>
                        </column>
                    </columns>
                    
                    <constraints/>
                </general_information>
                <amount_row>0</amount_row>
                <rows>
                    
                </rows>
            </table>
            <!-- FIN TGENEROS-->
            
            <!-- TABLA tTIPOS-->
            <table>
                <general_information>
                    <name_table>tTipos</name_table>
                    <amount_field>4</amount_field>
                    <columns>
                        
                        <column>
                            <column_name>idTipos</column_name>
                            <data_type>Int</data_type>
                            <contraints>
                                <constraint>
                                    <NN/>
                                    <PK>1</PK>
                                    <UQ/>
                                    <FK/>
                                </constraint>
                            </contraints>
                        </column>
                        
                        <column>
                            <column_name>NomTipo</column_name>
                            <data_type size="30">Varchar</data_type>
                            <contraints>
                                <constraint>
                                    <NN>1</NN>
                                    <PK/>
                                    <UQ>1</UQ>
                                    <FK/>
                                </constraint>
                            </contraints>
                        </column>
                        
                        <column>
                            <column_name>Costo</column_name>
                            <data_type>Int</data_type>
                            <contraints>
                                <constraint>
                                    <NN>1</NN>
                                    <PK/>
                                    <UQ/>
                                    <FK/>
                                </constraint>
                            </contraints>
                        </column>
                        
                        <column>
                            <column_name>Status</column_name>
                            <data_type>Bit</data_type>
                            <contraints>
                                <constraint>
                                    <NN>1</NN>
                                    <PK/>
                                    <UQ/>
                                    <FK/>
                                </constraint>
                            </contraints>
                        </column>
                            
                    </columns>
                   
                    <constraints>
                    </constraints>
                    
                </general_information>
                    
                    <!--- DATOS TABLA -->
                <amount_row>1</amount_row>
                <rows>
                    <row>
                        <field1>T001</field1><!-- IdTipo/ PK -->
                        <field2>catalogo</field1><!-- NomTipo / NN-->
                        <field3>20</field1><!-- Costo/ FK-->
                        <field4>1</field1><!-- Status/ FK-->
                    </row>
                </rows>
            </table>
                   
            
            
            
            <!-- TABLA CLASIFICACION-->
            <table>
                <general_information>
                    <name_table>tClasificacion</name_table>
                    <amount_field>3</amount_field>
                    <colums>
                        <column>
                            <column_name>Idclasif</column_name>
                            <data_type>int</data_type>
                            <contraints>
                                <NN/>
                                <PK>1</PK>
                                <UQ/>
                                <FK/>
                            </contraints>
                        </column>
                        <column>
                            <column_name>Nom</column_name>
                            <data_type size="5">varchar</data_type>
                            <contraints>
                                <NN>1</NN>
                                <PK>1</PK>
                                <UQ/>
                                <FK/>
                            </contraints>
                        </column>
                        <column>
                            <column_name>Status</column_name>
                            <data_type>bit</data_type>
                            <contraints>
                                <NN>1</NN>
                                <PK/>
                                <UQ/>
                                <FK/>
                            </contraints>
                        </column>
                    </colums>
                </general_information>
                <amount_row>1</amount_row>
                <rows>
                    <field1>C001</field1>
                    <field2>TERROR</field2>
                    <field3>0010</field3>
                    
                </rows>
            </table>
            
            

            <!-- FIN TGENEROS-->
            
            
            
            
            <table>
                <!-- TABLA TCLIENTES -->
                <general_information>
                    <name_table>tClientes</name_table>
                    <amount_field>3</amount_field>
                    <columns>
                        <column>
                            <column_name>Idcliente</column_name>
                            <data_type size="10">varchar</data_type>
                            <contraints>
                                <NN/>
                                <PK>1</PK>
                                <UQ/>
                                <FK/>
                            </contraints>
                        </column>
                        <column>
                            <column_name>Nombre</column_name>
                            <data_type size="50">varchar</data_type>
                             <contraints>
                                <NN>1</NN>
                                <PK/>
                                <UQ>1</UQ>
                                <FK/>
                            </contraints>
                        </column>
                        <column>
                            <column_name>Pais</column_name>
                            <data_type>int</data_type>
                            <constraints>
                                <NN>1</NN>
                                <PK/>
                                <UQ/>
                                <FK/>
                            </constraints>
                        </column>
                    </columns>
                    
                    <constraints>
                    </constraints>
                </general_information>
                <!--- DATOS TABLA -->
                <amount_row>1</amount_row>
                <rows>
                    <row>
                      <field1>M001</field1><!-- Idvideo / PK -->
                      <field2>LA MOMIA</field1><!-- Titulo / NN-->
                      <field3>G001</field1><!-- Codgenero / FK-->
                      <field4>T001</field1><!-- Codtipo / FK-->
                      <field5>C001</field1><!-- Codclasif / FK-->
                      <field6>1234</field1><!-- Vistas / NN-->
                    <row>
                </rows>
                
            <!-- FIN TCLIENTES -->
            </table>
            
            
            


            <!-- TABLA Tvistas -->
            <table>
                <general_information>
                    <name_table>tVistas</name_table>
                    <amount_field>6</amount_field>
                    <columns>
                        <column>
                            <column_name>Idvista</column_name>
                            <data_type>int</data_type>
                            <contraints>
                                <constraint>
                                    <NN/>
                                    <PK>1</PK>
                                    <UQ/>
                                    <FK/>
                                </constraint>
                            </contraints>
                        </column>
                        
                       <column>
                            <column_name>FInicio</column_name>
                            <data_type>date</data_type>
                            <contraints>
                                <constraint>
                                    <NN>1</NN>
                                    <PK/>
                                    <UQ/>
                                    <FK/>
                                </constraint>
                            </contraints>
                        </column>
                        
                        <column>
                            <column_name>Hinicio</column_name>
                            <data_type>time</data_type>
                            <contraints>
                                <constraint>
                                    <NN>1</NN>
                                    <PK/>
                                    <UQ/>
                                    <FK/>
                                </constraint>
                            </contraints>
                        </column>
                        
                        <column>
                            <column_name>FTermino</column_name>
                            <data_type>date</data_type>
                            <contraints>
                                <constraint>
                                    <NN/>
                                    <PK/>
                                    <UQ/>
                                    <FK/>
                                </constraint>
                            </contraints>
                        </column>
                        
                        <column>
                            <column_name>HTermino</column_name>
                            <data_type>time</data_type>
                            <contraints>
                                <constraint>
                                    <NN/>
                                    <PK/>
                                    <UQ/>
                                    <FK/>
                                </constraint>
                            </contraints>
                        </column>
                        
                        <column>
                            <column_name>Idcliente</column_name>
                            <data_type>int</data_type>
                            <contraints>
                                <constraint>
                                    <NN>1</NN>
                                    <PK/>
                                    <UQ/>
                                    <FK>
                                        <table_name>tclientes</table_name>
                                        <column_name>Idcliente</column_name>
                                    <FK/>
                                </constraint>
                            </contraints>
                        </column>
                        
                    </columns>
                    
                </general_information>
                <amount_row>1</amount_row>
                <rows>
                    <row>
                      <field1>M001</field1><!-- IdVista / PK -->
                      <field2>LA MOMIA</field1><!-- Finicio / NN-->
                      <field3>G001</field1><!-- Hinicio / NN-->
                      <field4>T001</field1><!-- FTermino / N-->
                      <field5>C001</field1><!-- HTermino / N-->
                      <field6>1234</field1><!-- Idcliente / NN,FK-->
                    <row>
                </rows>
            </table>

            <!-- FIN TVistas-->
        </tables>

        
    </database>
</databases>
            
            <!-- TABLA tTIPOS-->
            <table>
                <general_information>
                    <name_table>tTipos</name_table>
                    <amount_field>4</amount_field>
                    <columns>
                        
                        <column>
                            <column_name>idTipos</column_name>
                            <data_type>Int</data_type>
                            <contraints>
                                <constraint>
                                    <NN/>
                                    <PK>1</PK>
                                    <UQ/>
                                    <FK/>
                                </constraint>
                            </contraints>
                        </column>
                        
                        <column>
                            <column_name>NomTipo</column_name>
                            <data_type size="30">Varchar</data_type>
                            <contraints>
                                <constraint>
                                    <NN>1</NN>
                                    <PK/>
                                    <UQ>1</UQ>
                                    <FK/>
                                </constraint>
                            </contraints>
                        </column>
                        
                        <column>
                            <column_name>Costo</column_name>
                            <data_type>Int</data_type>
                            <contraints>
                                <constraint>
                                    <NN>1</NN>
                                    <PK/>
                                    <UQ/>
                                    <FK/>
                                </constraint>
                            </contraints>
                        </column>
                        
                        <column>
                            <column_name>Status</column_name>
                            <data_type>Bit</data_type>
                            <contraints>
                                <constraint>
                                    <NN>1</NN>
                                    <PK/>
                                    <UQ/>
                                    <FK/>
                                </constraint>
                            </contraints>
                        </column>
                            
                    </columns>
                   
                    <constraints>
                    </constraints>
                    
                </general_information>
                    
                    <!--- DATOS TABLA -->
                <amount_row>1</amount_row>
                <rows>
                    <row>
                        <field>T001</field><!-- IdTipo/ PK -->
                        <field>catalogo</field><!-- NomTipo / NN-->
                        <field>20</field><!-- Costo/ FK-->
                        <field>1</field><!-- Status/ FK-->
                    </row>
                </rows>
            </table>
                   
            
            
            
            <!-- TABLA CLASIFICACION-->
            <table>
                <general_information>
                    <name_table>tClasificacion</name_table>
                    <amount_field>3</amount_field>
                    <colums>
                        <column>
                            <column_name>Idclasif</column_name>
                            <data_type>int</data_type>
                            <contraints>
                                <NN/>
                                <PK>1</PK>
                                <UQ/>
                                <FK/>
                            </contraints>
                        </column>
                        <column>
                            <column_name>Nom</column_name>
                            <data_type size="5">varchar</data_type>
                            <contraints>
                                <NN>1</NN>
                                <PK>1</PK>
                                <UQ/>
                                <FK/>
                            </contraints>
                        </column>
                        <column>
                            <column_name>Status</column_name>
                            <data_type>bit</data_type>
                            <contraints>
                                <NN>1</NN>
                                <PK/>
                                <UQ/>
                                <FK/>
                            </contraints>
                        </column>
                    </colums>
                </general_information>
                <amount_row>1</amount_row>
                <rows>
                    <field>C001</field>
                    <field>TERROR</field>
                    <field>0010</field>
                    
                </rows>
            </table>
            
            

            <!-- FIN TGENEROS-->
            
            
            
            
            <table>
                <!-- TABLA TCLIENTES -->
                <general_information>
                    <name_table>tClientes</name_table>
                    <amount_field>3</amount_field>
                    <columns>
                        <column>
                            <column_name>Idcliente</column_name>
                            <data_type size="10">varchar</data_type>
                            <contraints>
                                <NN/>
                                <PK>1</PK>
                                <UQ/>
                                <FK/>
                            </contraints>
                        </column>
                        <column>
                            <column_name>Nombre</column_name>
                            <data_type size="50">varchar</data_type>
                             <contraints>
                                <NN>1</NN>
                                <PK/>
                                <UQ>1</UQ>
                                <FK/>
                            </contraints>
                        </column>
                        <column>
                            <column_name>Pais</column_name>
                            <data_type>int</data_type>
                            <constraints>
                                <NN>1</NN>
                                <PK/>
                                <UQ/>
                                <FK/>
                            </constraints>
                        </column>
                    </columns>
                    
                    <constraints>
                    </constraints>
                </general_information>
                <!--- DATOS TABLA -->
                <amount_row>1</amount_row>
                <rows>
                    <row>
                      <field>M001</field><!-- Idvideo / PK -->
                      <field>LA MOMIA</field><!-- Titulo / NN-->
                      <field>G001</field><!-- Codgenero / FK-->
                      <field>T001</field><!-- Codtipo / FK-->
                      <field>C001</field><!-- Codclasif / FK-->
                      <field>1234</field><!-- Vistas / NN-->
                    </row>
                </rows>
                
            <!-- FIN TCLIENTES -->
            </table>
            
            
            


            <!-- TABLA Tvistas -->
            <table>
                <general_information>
                    <name_table>tVistas</name_table>
                    <amount_field>6</amount_field>
                    <columns>
                        <column>
                            <column_name>Idvista</column_name>
                            <data_type>int</data_type>
                            <contraints>
                                <constraint>
                                    <NN/>
                                    <PK>1</PK>
                                    <UQ/>
                                    <FK/>
                                </constraint>
                            </contraints>
                        </column>
                        
                       <column>
                            <column_name>FInicio</column_name>
                            <data_type>date</data_type>
                            <contraints>
                                <constraint>
                                    <NN>1</NN>
                                    <PK/>
                                    <UQ/>
                                    <FK/>
                                </constraint>
                            </contraints>
                        </column>
                        
                        <column>
                            <column_name>Hinicio</column_name>
                            <data_type>time</data_type>
                            <contraints>
                                <constraint>
                                    <NN>1</NN>
                                    <PK/>
                                    <UQ/>
                                    <FK/>
                                </constraint>
                            </contraints>
                        </column>
                        
                        <column>
                            <column_name>FTermino</column_name>
                            <data_type>date</data_type>
                            <contraints>
                                <constraint>
                                    <NN/>
                                    <PK/>
                                    <UQ/>
                                    <FK/>
                                </constraint>
                            </contraints>
                        </column>
                        
                        <column>
                            <column_name>HTermino</column_name>
                            <data_type>time</data_type>
                            <contraints>
                                <constraint>
                                    <NN/>
                                    <PK/>
                                    <UQ/>
                                    <FK/>
                                </constraint>
                            </contraints>
                        </column>
                        
                        <column>
                            <column_name>Idcliente</column_name>
                            <data_type>int</data_type>
                            <contraints>
                                <constraint>
                                    <NN>1</NN>
                                    <PK/>
                                    <UQ/>
                                    <FK>
                                        <table_name>tclientes</table_name>
                                        <column_name>Idcliente</column_name>
                                    <FK/>
                                </constraint>
                            </contraints>
                        </column>
                        
                    </columns>
                
                </general_information>
                <amount_row>1</amount_row>
                <rows>
                    <row>
                      <field>M001</field><!-- IdVista / PK -->
                      <field>LA MOMIA</field><!-- Finicio / NN-->
                      <field>G001</field><!-- Hinicio / NN-->
                      <field>T001</field><!-- FTermino / N-->
                      <field>C001</field><!-- HTermino / N-->
                      <field>1234</field><!-- Idcliente / NN,FK-->
                    <row>
                </rows>
            </table>

            <!-- FIN TVistas-->
        </tables>

        
    </database>
</databases>